regioncd,regionnm,ctyua19cd,ctyua19nm,Area Type,LE_Male,LE_Female,LEInequality_Male,LEInequality_Female,Mortality_all,Mortality_Cardio,Mortality_Cancer,Diabetes,Dementia,Smoking,Physical_Activity,Obesity,Employment,Homelessness,LowIncome_Child,ExcessWinterDeaths,Travel_Walk,Travel_Cycle,AHAH,AirPollution,FuelPoverty,EmploymentHealth_Gap,JobDensity,JSO,EconomicInactivity,IMD,WFP,Ethnic_Minority,OlderPersons,CareAdmissions,FluVaccine,NEET,SocialIsolation
E92000001,England,E06000001,Hartlepool,County & UA (4/19-3/20),76.8153,81.3312,12.5,10.4,425.3471,96.3,165.5,76.8442,74.6,19.2639,57.3666,75.7362,64.3,1.8537,28.6,27.1875,13.793,0.2936,2.6704,6.737,10.1,16.1682,0.58,9.4072,28.6,35.037,94.6044,1.2,19.4292,723.9,72.4946,3.0836,53.9
E92000001,England,E06000002,Middlesbrough,County & UA (4/19-3/20),75.2749,80.0223,12.6,12,508.9466,118.6,184.8,79.0034,78.3,17.1725,61.5721,69.3392,64.6,0.1024,31.8,25.1326,12.896,2.0081,2.4566,7.3266,11.9,14.783,0.77,12.6664,29.7,40.46,98.2562,9.2,16.3839,1172.8,72.5471,5.0065,48.7
E92000001,England,E06000003,Redcar and Cleveland,County & UA (4/19-3/20),77.9879,81.777,11,7.3,397.9935,88.4,153.3,81.7255,71.8,15.4661,67.9778,71.8908,68.9,,25.2,35.9001,15.1736,0.7373,3.5021,6.9234,10.3,20.8296,0.54,9.6675,26.9,29.792,97.355,1.1,22.6278,920,74.9744,5.386,52.8
E92000001,England,E06000004,Stockton-on-Tees,County & UA (4/19-3/20),78.1382,81.4122,15.2,13.8,396.3555,74.4,157.3,81.6817,87.2,13.2209,61.3777,65.0229,68.6,,21.3,39.3939,18.3399,1.7465,3.8242,6.9315,9,14.3496,0.76,8.0742,25.4,25.79,96.294,5.2,18.4562,574.7,73.545,4.3813,47.8
E92000001,England,E06000005,Darlington,County & UA (4/19-3/20),78.7182,82.3872,13.7,9.5,370.0342,78.2,134,85.9337,77,13.7072,66.1161,64.1059,75.3,,20,27.9887,24.2333,1.1113,2.3367,6.453,9,11.7446,0.83,9.5963,21,25.657,96.7204,3.5,20.5397,616.1,73.6714,6.7231,49.1
E92000001,England,E06000006,Halton,County & UA (4/19-3/20),77.0813,81.1167,10.8,8.8,428.0872,88.4,170.9,95.2813,72.3,14.9046,68.6488,70.5701,75,5.4989,19.6,31.9783,14.2537,1.8672,21.0917,7.8994,10.9,18.6119,0.86,2.03,22,32.325,95.4162,1.6,18.4004,731,71.6417,5.1197,48.9
E92000001,England,E06000007,Warrington,County & UA (4/19-3/20),79.2115,82.6872,9.6,7.4,336.0462,77.4,130.7,83.3016,76.2,11.2507,63.2961,66.3489,76,0.3199,11.5,26.1767,18.064,3.2389,9.8849,7.5982,9.1,9.4917,1.14,1.3143,21.6,18.942,97.6005,5.8,18.8773,619.8,70.7284,3.1019,41.2
E92000001,England,E06000008,Blackburn with Darwen,County & UA (4/19-3/20),76.9414,80.3466,10.9,8.4,446.7867,102.9,153.7,82.3191,71.7,15.4993,61.599,64.289,67.3,,20.7,22.7673,18.8342,1.749,0,7.0815,14.6,10.8516,0.81,4.8125,29.1,36.013,97.2938,28.6,14.5455,413.1,72.7899,4.4864,45.6
E92000001,England,E06000009,Blackpool,County & UA (4/19-3/20),74.4627,79.5178,12.3,10.1,544.1495,122.7,172.7,79.4296,79.3,23.4028,63.2599,65.2289,71,8.1308,26.2,32.1212,17.8936,2.1914,6.1779,6.3997,15.2,15.8511,0.79,7.4544,23.5,45.039,98.6902,1.5,20.4344,809.8,70.0216,6.2007,50.1
E92000001,England,E06000010,Kingston upon Hull,County & UA (4/19-3/20),75.9908,80.1574,12.7,10.2,474.3725,107.6,163.9,85.206,78.4,22.2221,62.6971,71.3601,71.1,1.3263,27.4,28.8626,27.2468,5.9861,46.347,8.5531,10.6,13.9843,0.82,9.9291,23.1,40.564,97.469,5.4,15.1372,941.1,69.6708,6.2736,53.6
E92000001,England,E06000011,East Riding of Yorkshire,County & UA (4/19-3/20),80.1058,83.7778,6.3,3.8,297.3097,64.9,122.4,82.7804,63.2,12.1101,68.6599,63.8762,77,0.2974,12.2,36.8915,20.5347,2.9013,36.2352,7.3843,9.4,10.5959,0.76,3.3102,20.1,15.605,96.4623,2.1,26.1879,448.1,72.2979,4.1232,43.4
E92000001,England,E06000012,North East Lincolnshire,County & UA (4/19-3/20),77.5657,82.1656,13.1,9.1,399.3975,88.2,162.6,83.9607,67.7,22.202,59.0207,70.3399,71.2,2.897,26,25.2302,14.7605,2.5817,41.8211,7.9028,10.1,13.282,0.79,7.3865,23.3,31.335,96.3497,2.5,20.6006,625.4,70.1976,6.4067,49.5
E92000001,England,E06000013,North Lincolnshire,County & UA (4/19-3/20),78.9706,82.4494,9.7,9.1,357.2017,72.3,144.1,87.3742,61.5,17.8364,63.1643,68.5102,69.6,,18.7,31.1355,17.1015,0.6143,49.5598,7.5914,9.8,15.9175,0.79,4.7053,25.6,22.096,96.3411,3.8,21.2755,590.9,72.0111,4.8812,52.1
E92000001,England,E06000014,York,County & UA (4/19-3/20),80.0999,83.3565,8.4,6.2,321.1276,67.5,134,71.3073,57.2,11.9448,75.1617,56.8617,78.4,0.1571,10.3,31.8623,29.6827,8.0508,5.3746,7.3128,8.5,5.5872,0.89,0.901,19.9,11.727,97.4928,4.5,18.3911,668.6,75.9971,3.8784,43.4
E92000001,England,E06000015,Derby,County & UA (4/19-3/20),78.5753,82.2849,10.2,9.3,377.1522,82.8,143.1,80.6444,75.6,16.7379,69.2574,63.8001,74.1,2.5487,21,28.698,20.0149,4.6052,5.1114,9.9907,11.6,17.162,0.89,3.5902,23,26.323,97.6932,16.7,16.4721,575.5,74.2226,7.8174,43.8
E92000001,England,E06000016,Leicester,County & UA (4/19-3/20),77.1536,81.9322,8,6.1,412.6228,107.1,144.9,82.9843,86.5,15.4467,58.6783,56.5041,66.2,0.2808,23,23.5482,26.1365,6.0639,6.2949,10.1051,14.6,10.3038,0.8,3.1852,29.4,30.877,92.9463,48.6,12.1734,605.1,68.9803,6.0232,46
E92000001,England,E06000017,Rutland,County & UA (4/19-3/20),82.7898,85.8808,,,223.4344,41.8,109.9,73.7689,55.3,10.1591,72.8377,60.5426,79.1,,6.5,49.1667,14.0271,1.4733,67.3532,8.8181,10.9,9.8856,0.9,0.7382,17.5,8.381,97.1857,0.9,25.454,577,,1.6637,51.3
E92000001,England,E06000018,Nottingham,County & UA (4/19-3/20),77.1898,81.3073,8.4,8.6,457.0586,105.2,159.6,75.1942,81.6,20.8927,65.6092,58.4062,64.1,0.4819,29.5,31.2369,30.7096,4.7,16.1393,9.8997,13.9,7.9288,1.08,9.4105,31.4,34.891,95.9686,24.2,11.6488,871.7,72.4518,6.6189,43.1
E92000001,England,E06000019,Herefordshire,County & UA (4/19-3/20),79.697,83.6804,5.5,4.2,309.6186,65.7,127.6,70.1094,56.7,12.2712,68.7731,69.3354,80.3,0.121,12.6,38.3758,15.9086,3.0101,40.8996,7.1583,12.9,10.7686,0.94,1.7714,17.7,18.89,97.5871,1.4,24.7229,660.6,73.2875,5.7679,54.7
E92000001,England,E06000020,Telford and Wrekin,County & UA (4/19-3/20),78.6225,81.9272,10.1,8.7,383.5127,88.3,154.5,85.6297,63.4,15.3846,65.7938,71.502,74,,20.5,32.8452,18.621,2.2363,2.922,7.1011,9.4,14.3206,0.87,2.8989,23.4,24.988,99.3684,5.3,17.2846,548.9,71.5986,5.8691,45
E92000001,England,E06000021,Stoke-on-Trent,County & UA (4/19-3/20),76.3871,80.2765,8.2,7.2,454.0155,96.4,167.6,88.8686,87.8,18.2483,53.9165,65.4429,69,1.8207,24,36.1887,19.6783,2.1315,1.7343,7.7643,12.4,14.5461,0.82,6.4315,26.2,34.504,97.8894,10.4,17.1842,389,69.8801,3.952,44.7
E92000001,England,E06000022,Bath and North East Somerset,County & UA (4/19-3/20),80.6518,85.0022,6.8,2.9,278.67,56.1,120.7,66.4686,63.2,13.0439,75.6504,51.1279,81.2,0.0781,9.8,23.1388,32.5696,4.7256,7.8197,8.1722,9.1,8.3375,0.86,0.7054,17.2,11.745,98.9244,3.9,18.9785,460.6,75.4489,7.1133,49.6
E92000001,England,E06000023,Bristol,County & UA (4/19-3/20),78.4475,82.638,9.8,7.7,388.0514,78.3,154.6,73.686,73.9,17.9715,73.4876,54.8345,77.6,0.2363,19.7,28.1295,32.4943,10.394,2.7027,8.9701,9.8,10.1964,1.01,3.6073,18.9,26.363,98.4153,10.9,13.0229,577.1,74.351,7.6691,49.1
E92000001,England,E06000024,North Somerset,County & UA (4/19-3/20),79.9758,84.0241,9.7,9.6,299.8672,62.6,125.1,73.7122,66.6,11.25,71.0569,62.059,80.7,0.7644,12.6,27.2849,15.6626,5.3074,9.7085,7.5448,7.6,10.1766,0.81,1.0806,17,15.825,97.572,2.5,24.0133,1046.2,77.2479,5.8513,43.1
E92000001,England,E06000025,South Gloucestershire,County & UA (4/19-3/20),81.1921,84.4655,5.7,6.9,270.4012,55.8,123,80.4671,64.7,11.2015,69.7413,62.2797,80.7,0.1208,10.2,27.5559,22.382,4.1895,6.8922,8.9847,6.7,7.3921,0.91,1.7029,15.9,11.66,97.8768,6,18.8349,616.1,79.0191,5.4539,40.4
E92000001,England,E06000026,Plymouth,County & UA (4/19-3/20),78.9634,82.1193,8.6,5.6,363.3356,78.6,144.3,78.8003,57,18.517,66.841,69.7983,75.4,0.2631,20,22.6322,25.2465,3.3497,3.1889,7.402,10.3,12.7538,0.78,4.796,20.3,26.619,97.1021,4.6,18.5158,527.1,71.4003,6.3804,44.8
E92000001,England,E06000027,Torbay,County & UA (4/19-3/20),78.586,82.3086,10.5,8.1,371.9296,75.6,135.4,71.0453,61.7,14.9859,69.7584,59.8181,74.2,1.0721,21.2,27.1906,18.0781,2.4735,0,6.9855,10,8.9123,0.76,4.5221,21.9,28.104,95.6081,2.3,26.8684,490.2,71.5118,6.1108,51.8
E92000001,England,E06000030,Swindon,County & UA (4/19-3/20),80.0679,83.2972,5.1,7.1,321.5264,73.7,133.9,97.4605,56.1,13.0965,61.6889,65.0509,79.2,0.3069,14.1,28.1192,18.2577,5.205,5.7569,9.5797,6.8,11.9853,0.91,1.2874,17.4,18.622,97.7995,13.3,16.2737,409.4,71.0584,7.5447,47.4
E92000001,England,E06000031,Peterborough,County & UA (4/19-3/20),78.2242,82.3367,9.7,5.8,383.1705,89.7,145,82.7279,80.4,18.8316,65.9857,70.5966,75.3,1.5989,18.8,25.813,21.7333,5.13,5.3299,9.321,9.5,8.388,1.06,1.9104,19.7,27.821,97.3229,13.6,14.8577,372.8,70.0779,8.2582,49
E92000001,England,E06000032,Luton,County & UA (4/19-3/20),78.0762,82.4586,9.7,4.1,389.4713,91.9,149.4,75.8506,70.7,16.8442,56.6256,66.9632,71.1,4.1095,19,21.7391,18.2878,0.9308,6.0464,10.9878,11.6,13.4621,0.78,4.2239,25,25.908,94.9662,40.1,12.6453,300.5,66.1294,4.7304,44.9
E92000001,England,E06000033,Southend-on-Sea,County & UA (4/19-3/20),79.0687,82.1225,10.5,9.4,359.1842,74,146.5,75.2931,79.9,13.2342,65.0747,61.7201,79.9,0.2397,19.1,40.9677,25.95,1.8522,13.7315,9.7402,9.3,12.5541,0.72,3.273,18.2,22.375,95.7632,7.1,19.4539,692.4,65.618,4.93,40.3
E92000001,England,E06000034,Thurrock,County & UA (4/19-3/20),79.0059,82.4737,8.4,7.4,345.875,80.2,142.2,81.6308,71.5,17.5438,58.5576,75.9497,76.4,0.8649,17.7,22.3733,20.1443,1.961,30.6114,10.8699,8.7,16.1376,0.7,3.6556,20.4,20.928,97.9906,13,13.8023,655.8,67.1227,1.6408,46.3
E92000001,England,E06000035,Medway,County & UA (4/19-3/20),78.9915,82.64,8.6,7,349.3058,68.6,146.4,89.0888,51.3,14.0633,66.7478,69.6139,77.5,1.6094,18.6,27.6804,20.5563,0.9145,31.0256,11.2001,9,13.2478,0.62,5.0614,18.9,23.936,99.7534,9.2,16.1041,581.3,70.8113,6.9462,47.8
E92000001,England,E06000036,Bracknell Forest,County & UA (4/19-3/20),81.8514,84.8717,6.9,1.8,273.9047,46.1,126.7,81.3209,59.2,11.8619,71.8452,60.7106,84.3,0.2404,9.1,21.9089,19.069,4.0926,0.9479,9.9357,5.2,7.5729,0.91,0.7316,13.9,10.241,98.2833,7.6,14.697,653.7,72.4993,9.499,47.8
E92000001,England,E06000037,West Berkshire,County & UA (4/19-3/20),81.673,84.6428,4.4,5.2,262.1779,49.6,116.3,67.2632,61.8,10.3468,65.6805,53.676,81.2,0.2779,9.1,21.8085,20.1339,1.9114,19.4576,9.1627,6.6,8.956,1.11,1.1875,16.2,9.952,98.3322,4.9,19.2919,641.7,77.7878,1.6857,43.8
E92000001,England,E06000038,Reading,County & UA (4/19-3/20),79.0563,83.1346,8,7.2,357.6647,76.6,138,68.0692,68.5,13.949,63.8938,58.6486,76.8,0.4052,15.7,28.4603,30.8288,5.0617,6.1861,10.5499,9,8.3063,1.1,4.2569,19.2,19.619,99.8002,21,12.5294,444.6,73.3503,7.4983,47.1
E92000001,England,E06000039,Slough,County & UA (4/19-3/20),78.5599,82.4007,6,4.4,398.6366,105.7,131,88.3778,63.3,16.1537,55.7574,67.4863,73.5,0.8643,15.1,27.9843,22.0987,1.3787,20.94,11.4083,8.9,10.8642,0.97,1.9205,22.8,22.965,94.5073,54.6,10.1672,646.2,67.8988,3.9649,41.7
E92000001,England,E06000040,Windsor and Maidenhead,County & UA (4/19-3/20),81.7118,84.6269,4.7,3.8,267.7126,52.3,112,66.1021,70.2,9.8081,72.2852,54.2683,80.4,,7.9,22.6463,16.9609,4.0773,5.1499,10.1923,6.1,5.401,1.01,0.996,17.2,8.376,95.9974,13.9,18.7912,492.3,71.9706,5.9533,37.8
E92000001,England,E06000041,Wokingham,County & UA (4/19-3/20),82.0398,85.7889,6.6,3.3,241.3864,48.3,108.8,67.7067,65.3,8.4147,75.3057,60.1838,81.9,0.2174,6.4,35.3028,19.5057,1.5244,1.6372,10.1546,5.4,9.1974,0.94,1.0235,16.5,5.846,97.5915,6.6,17.6176,362.5,75.3294,4.4906,42.1
E92000001,England,E06000042,Milton Keynes,County & UA (4/19-3/20),79.2361,83.0164,7.3,6.9,341.0074,71.9,141.1,78.0246,69.3,15.0517,68.1151,61.9493,74.5,0.8511,15.1,21.6783,18.3744,2.6056,1.977,10.3182,5.9,10.5202,1.15,3.5008,22,17.98,97.4022,17,14.17,483.4,72.1262,4.7288,45.4
E92000001,England,E06000043,Brighton and Hove,County & UA (4/19-3/20),78.9063,82.9301,11,7.2,367.1962,71.7,145.8,60.7029,70.7,17.4997,75.912,50.5392,73.4,0.8495,15.7,31.8764,34.337,5.8308,19.0682,10.191,11.2,6.3359,0.85,2.6736,21.4,20.761,97.2886,11.2,13.352,797.3,67.866,4.5652,45.9
E92000001,England,E06000044,Portsmouth,County & UA (4/19-3/20),78.4304,82.0131,7.8,6,394.9436,85.1,151.1,78.7771,68,16.4464,66.5813,66.4721,73.1,0.4979,20.4,34.2803,32.7212,7.3775,40.9397,11.2136,10.8,12.9007,0.88,3.4528,23.8,26.899,98.1857,8.8,14.1611,624.6,73.6135,4.8276,48.8
E92000001,England,E06000045,Southampton,County & UA (4/19-3/20),78.1235,82.6181,7.8,5.4,390.1603,80.3,154,76.2335,67.2,16.7968,65.1499,63.7193,73.3,,20.1,27.3504,33.0632,6.2801,26.1936,10.2242,10.4,8.8778,0.76,2.1989,22.9,26.876,97.4096,14.8,13.414,811.7,73.7907,7.0353,39.9
E92000001,England,E06000046,Isle of Wight,County & UA (4/19-3/20),79.718,83.4853,6.1,4.3,319.1672,72.8,128.9,68.5967,64.5,14.4373,70.5777,63.1304,73.6,2.2199,18.8,28.8848,23.5637,3.5018,14.1505,8.5761,11.2,11.1836,0.77,3.5057,22.9,23.294,97.4704,1.8,28.3457,509,69.2711,3.3637,46.7
E92000001,England,E06000047,County Durham,County & UA (4/19-3/20),78.2361,81.464,8.8,6.6,378.5753,76.7,147.6,86.1047,73.4,17.002,64.4149,63.2562,74.2,0.2206,21.8,30.7269,15.714,1.3389,8.5855,6.0031,9.8,14.6285,0.61,5.7258,22.6,26.793,95.7363,1.5,20.8363,712.8,72.0566,6.2492,51.3
E92000001,England,E06000049,Cheshire East,County & UA (4/19-3/20),80.117,83.9989,8.8,7.8,294.3485,64.7,117.4,75.3785,71.8,13.8049,68.3467,64.9234,79.4,0.6035,10.2,41.0853,18.1679,1.332,11.2666,6.7191,9.8,8.0013,1,1.689,18.4,14.475,97.2568,2.1,22.9805,681.8,77.6032,2.2046,50.9
E92000001,England,E06000050,Cheshire West and Chester,County & UA (4/19-3/20),79.9227,83.0034,10.6,8.6,326.2569,71.3,133.1,79.9274,65.1,11.3421,71.1142,65.4697,75.6,0.2827,12.7,26.7849,22.7037,3.0402,11.2874,6.6875,10.6,9.9909,0.93,1.5894,21.6,18.083,97.9779,2,21.6258,681.3,76.1565,2.6586,52.9
E92000001,England,E06000051,Shropshire,County & UA (4/19-3/20),80.5099,83.4542,5.4,2.1,294.6026,61.5,123.2,71.4403,69.4,13.7129,68.5375,72.4461,83.5,2.84,12.2,23.1664,21.0251,2.0583,30.7277,6.4287,12.3,10.1995,0.84,2.1444,14.4,17.153,97.4058,1.8,24.6837,488.5,73.2569,4.4106,46.1
E92000001,England,E06000052,Cornwall,County & UA (4/19-3/20),79.6589,83.2721,6.2,4.5,316.0993,66.7,128.9,65.9455,56.2,15.1674,74.2197,64.7153,76.4,0.193,16.4,37.4745,18.917,1.1948,36.2464,5.8627,12.6,10.3395,0.87,1.8457,21.6,23.072,95.9594,1.3,25.0126,449,70.5835,6.0155,44.3
E92000001,England,E06000053,Isles of Scilly,County & UA (4/19-3/20), , , , , , , , , , , , , , , , ,,,0,,20.9,,0.89,0,,12.005,92.0139,,26.0791,1215.3,,0,
E92000001,England,E06000054,Wiltshire,County & UA (4/19-3/20),81.0118,84.2454,4.7,3.1,272.189,56.6,118.9,75.6479,64.9,14.6023,71.156,60.3309,78.9,0.0769,10.4,29.3553,18.5345,2.0363,31.2392,8.3331,8.2,8.5849,0.87,1.2099,18.8,13.447,98.2171,3.6,21.6884,339.2,75.278,8.065,51.8
E92000001,England,E06000055,Bedford,County & UA (4/19-3/20),79.7538,83.5265,11.6,6.4,322.0454,70.7,126.5,77.3869,69.1,10.7554,67.7307,63.8641,77.7,0.3422,14.9,24.3928,21.0215,5.6955,5.1574,9.8276,10.1,16.661,0.81,5.318,19.4,18.932,96.596,18.6,17.8456,539.2,70.3934,4.5824,46.9
E92000001,England,E08000009,Trafford,County & UA (4/19-3/20),80.1044,83.9062,9.3,7.4,313.067,69.1,129.8,79.3447,68.4,9.1497,68.9965,64.0372,77,,11.6,26.129,26.5164,3.648,3.5848,7.4209,10.4,13.9219,1.13,2.0937,19.4,16.088,98.4845,15.2,17.3509,539.5,76.9457,5.2898,44.6
E92000001,England,E06000056,Central Bedfordshire,County & UA (4/19-3/20),80.9557,84.3457,6.4,5.6,283.2645,55.4,124.8,79.424,60,13.7038,65.3098,62.9166,83.7,0.1197,11.3,26.8437,20.84,1.0696,17.7702,9.8929,8.4,11.2625,0.68,1.6179,14.6,12.152,97.7629,8,17.9364,588.9,73.6623,5.0683,45.5
E92000001,England,E06000057,Northumberland,County & UA (4/19-3/20),79.3967,82.712,10.2,8.8,332.3077,74.5,128.3,82.9265,67.1,12.8516,72.1278,63.577,72.4,0.2391,17.2,28.7958,18.2086,1.1993,14.0438,5.6588,9.8,12.191,0.69,6.8333,23.6,22.079,97.2403,1.3,24.744,717.9,75.1435,4.362,46
E92000001,England,E06000058,"Bournemouth, Christchurch and Poole",County & UA (4/19-3/20),80.2187,83.5105,8.6,6.6,315.84,59.3,129.7,,65.2,13.8635,69.6685,60.6457,77.6,,15.088,25.5612,,,2.8895,,8.1417,10.2953,0.89,2.6356,19.8,18.173,97.5776,,21.829,,71.0027,,
E92000001,England,E06000059,Dorset,County & UA (4/19-3/20),80.8988,84.6014,6.3,5.3,272.727,56,120.2,,56.8,10.1499,72.3344,60.8248,78.8,,12.5269,27.3167,,,23.0337,7.9249,8.7571,10.5437,0.85,1.2684,19.5,15.735,98.1672,,29.0744,,74.2781,,
E92000001,England,E08000001,Bolton,County & UA (4/19-3/20),77.9671,81.5323,11.3,8.9,402.7264,96.4,142.6,87.8943,75,15.8667,61.6301,67.472,70.6,0.5568,20.1,32.0352,16.6776,1.1221,7.835,7.6167,11.9,17.3701,0.73,6.1469,26.1,30.691,97.9845,17.7,17.3264,791.9,74.2954,6.1961,40.5
E92000001,England,E08000002,Bury,County & UA (4/19-3/20),78.737,81.6831,12.6,8.5,371.0809,85.9,137,84.3226,82,12.7681,65.6005,58.9565,71.4,2.2332,14.7,35.1555,17.9585,1.9442,0,7.4734,10.6,13.4596,0.68,3.7397,25.1,23.682,98.5342,9.4,18.3387,744.4,74.0382,3.9505,41.5
E92000001,England,E08000003,Manchester,County & UA (4/19-3/20),76.0847,79.816,7.3,7.8,515.5514,124.6,190.3,77.1678,78.9,18.018,66.0745,60.3038,68.8,1.8378,27.1,25.1931,30.2628,5.2778,13.8266,7.8468,15.5,15.6846,1.14,3.8175,28.3,40.005,96.4349,28.5,9.3046,888.8,69.168,7.6398,35.9
E92000001,England,E08000004,Oldham,County & UA (4/19-3/20),77.4012,81.1669,12,10.3,435.4672,104.3,164.3,88.084,78.1,17.8934,59.247,62.78,68.1,1.385,22,32.5788,19.873,1.3938,3.6897,7.5797,11.7,13.3879,0.7,3.4781,28.4,33.155,97.8066,21.8,16.1579,922.3,73.1017,5.7613,42.3
E92000001,England,E08000005,Rochdale,County & UA (4/19-3/20),77.1447,80.9669,10.9,6.8,441.223,107.4,156.8,87.0126,68.1,15.1569,63.0136,66.2981,69.9,,21.2,32.4861,19.3576,0.6044,1.5495,7.3389,12.2,16.2855,0.62,5.1445,25.8,34.415,97.2651,21,16.4627,676.1,75.716,6.1033,50.3
E92000001,England,E08000006,Salford,County & UA (4/19-3/20),77.1645,80.8571,11.9,8,448.4929,98.2,163,80.9258,79.4,19.0879,67.4629,63.4255,76.4,4.5998,21.1,29.8663,24.234,2.8991,12.879,7.9112,11.2,11.1859,0.85,4.9766,19.5,34.21,96.3482,10.9,14.1902,895.1,74.4436,7.2592,41.9
E92000001,England,E08000007,Stockport,County & UA (4/19-3/20),80.0861,83.3181,11.2,9.8,327.7649,68.9,131.3,75.4147,70.6,13.3921,66.9101,63.3313,79.2,1.7021,13.5,26.2615,20.7611,2.1971,3.4733,7.3382,9.8,10.1134,0.82,3.0877,17.7,20.826,98.6325,8.3,20.0141,1417.4,80.1406,3.3844,43
E92000001,England,E08000008,Tameside,County & UA (4/19-3/20),77.5657,80.6984,9.5,9,420.4904,105,153.5,84.6251,78.1,18.15,62.8019,70.5218,73.8,1.4565,18.9,30.2172,18.8097,1.2507,0.962,7.7249,10.7,12.8054,0.55,3.7489,22.3,31.374,98.688,9.6,17.6721,677.4,73.9963,4.8467,44.1
E92000001,England,E08000010,Wigan,County & UA (4/19-3/20),77.8865,81.1995,11.1,8.8,394.1934,91.2,145.9,86.8655,72.3,17.0063,64.2936,70.5241,74.8,0.1828,15.1,27.131,15.2016,1.6483,9.1354,7.1863,10.8,14.331,0.61,4.627,22.5,25.713,97.1587,2.1,19.1406,378.4,74.0304,8.3049,46.1
E92000001,England,E08000011,Knowsley,County & UA (4/19-3/20),76.6254,80.3671,11.4,12.6,476.2339,98.9,185.3,86.6288,68,14.2506,58.5457,73.7259,69.4,0.2371,25,31.3765,23.2512,2.663,12.0302,8.102,12.7,21.0702,0.75,5.0553,27.3,43.006,94.54,1.9,17.2562,678.1,71.2235,7.7394,48.6
E92000001,England,E08000012,Liverpool,County & UA (4/19-3/20),76.2632,80.0826,11.1,8.9,497.5877,106.1,179.4,76.4546,67.1,14.1304,64.854,66.8705,66.6,0.0687,26.3,29.416,28.0541,4.8843,32.0237,8.1327,15.6,14.1483,0.83,6.024,30.5,42.412,95.7057,11.2,14.7606,727.2,70.7711,10.697,46.1
E92000001,England,E08000013,St. Helens,County & UA (4/19-3/20),77.7471,80.9732,12.4,8.6,411.9292,85.8,143.1,84.238,74.3,13.0451,66.8374,69.158,74.1,0.0889,19.5,22.3379,15.4602,0.5157,5.0666,7.5973,11.3,19.5687,0.65,4.0854,23.3,31.518,97.559,1.8,20.6014,682.3,75.1971,6.0147,47.7
E92000001,England,E08000014,Sefton,County & UA (4/19-3/20),78.7713,82.5636,11.8,11.5,369.1711,76.9,141.6,75.3282,66.3,9.5149,62.5796,66.4096,75.6,0.9906,17.1,30.1525,18.4455,2.2649,4.0923,6.6941,12.5,15.716,0.65,4.5467,22.3,27.035,95.3117,3.2,23.5614,799.6,74.2102,3.7659,48.6
E92000001,England,E08000015,Wirral,County & UA (4/19-3/20),78.1839,82.0416,13.2,11,394.859,76.2,147.9,79.568,65.9,10.7387,66.0012,65.9924,76.2,0.1106,19.2,26.5076,21.4451,0.5965,2.0725,6.7553,12.2,16.1892,0.64,3.0267,21.9,29.589,96.3888,3.6,21.8706,608.8,75.2237,4.9446,46.3
E92000001,England,E08000016,Barnsley,County & UA (4/19-3/20),78.142,81.8666,9.8,9,388.4915,87.8,149.8,82.3781,70.3,18.2875,64.2652,65.7551,71.7,0.1968,21.9,39.4263,14.1055,0.765,2.1977,6.6609,9.7,10.874,0.59,5.6222,24.3,29.933,95.3962,1.8,19.5094,814.2,73.0683,4.9186,55.6
E92000001,England,E08000017,Doncaster,County & UA (4/19-3/20),77.9878,81.648,10.9,8.2,396.9714,83.2,157.4,87.1419,71.2,19.0958,62.8453,69.6741,73.1,0.6531,22.6,36.2786,17.5026,2.7065,2.4882,7.4616,9.6,15.5691,0.73,4.9159,21.3,30.289,96.8203,4.6,19.1558,600.2,72.4049,5.9255,44
E92000001,England,E08000018,Rotherham,County & UA (4/19-3/20),77.91,81.7774,9.9,9.5,395.4019,85.3,152.6,81.1918,82.2,17.8461,54.8721,75.6146,71.8,0.287,21.8,27.3948,15.3297,0.5678,9.125,7.2447,9.5,13.5435,0.7,6.1277,24.1,29.55,95.8931,6.3,19.7049,564.9,75.8265,5.7722,46
E92000001,England,E08000019,Sheffield,County & UA (4/19-3/20),79.386,82.2553,9.6,8.8,355.1369,82.7,138.3,77.2574,78.8,13.9083,68.1908,64.1459,74.6,1.6588,23.2,28.3854,26.3644,2.57,5.1538,6.6703,10.4,11.3315,0.77,6.5712,21.5,27.06,96.6881,13.2,16.1476,790.3,76.2672,6.127,43.3
E92000001,England,E08000021,Newcastle upon Tyne,County & UA (4/19-3/20),77.8587,81.7328,13.1,8.8,420.19,87,162.6,82.558,77.3,13.0149,69.2032,60.2515,67.8,2.3107,24.7,22.2014,28.9376,3.7003,1.2635,6.4149,10.6,12.5219,1.02,4.5853,29,29.79,96.0511,12.6,14.4772,927.7,75.0041,6.1889,49.3
E92000001,England,E08000022,North Tyneside,County & UA (4/19-3/20),78.0382,82.1316,11.5,10.7,378.9571,79.8,148.2,84.5051,69.3,13.9348,67.1031,66.2339,74.3,0.8823,17.1,31.8115,20.6625,2.5306,0,6.5232,7.6,13.8407,0.73,5.8521,22,22.279,97.5343,2.8,20.2503,740.9,74.7236,5.6746,45.4
E92000001,England,E08000023,South Tyneside,County & UA (4/19-3/20),76.9579,81.5179,9.3,8.1,434.1605,83.3,163.9,80.4105,71.6,16.3257,64.5506,69.2011,70.4,,26.4,28.0639,15.5472,0.8071,0.9568,6.6965,8.7,12.6833,0.52,13.0061,23.5,31.509,96.321,4.5,20.2635,592.6,74.6466,6.1471,46.9
E92000001,England,E08000024,Sunderland,County & UA (4/19-3/20),77.1816,81.4063,11.5,8.5,407.5627,84.7,162.9,81.2988,69.2,16.0188,59.4889,66.0247,70,0.1623,23.6,38.0601,20.1097,2.567,0,6.6884,9.2,13.666,0.76,8.9574,24.1,30.586,97.3829,4.2,19.7487,1102.8,73.0205,14.8897,48.9
E92000001,England,E08000025,Birmingham,County & UA (4/19-3/20),77.6869,82.0759,8.3,5.6,407.9488,95.5,149.2,80.3931,65.2,14.7893,63.341,61.7009,65.5,0.9066,27.6,27.9269,22.5128,2.9011,8.0471,9.8142,14.2,7.0978,0.81,14.2042,29,38.067,96.4013,40.3,13.086,452.9,67.7036,8.5113,44
E92000001,England,E08000026,Coventry,County & UA (4/19-3/20),78.5394,82.3477,10.7,8.3,382.2291,85.8,143.4,75.8033,60,15.0719,61.1462,62.8811,71.7,0.6462,21.8,28.211,23.9639,2.3836,8.7275,9.711,12.1,14.896,0.74,3.6547,24.2,25.613,98.0828,23.4,13.5204,768.5,69.9398,5.4035,47.3
E92000001,England,E08000027,Dudley,County & UA (4/19-3/20),78.9657,82.7537,9,7.6,354.0728,76.3,150.3,82.8271,62.3,13.5046,59.5396,71.5467,70.6,3.6394,20.7,28.22,18.5952,0.9666,6.921,8.729,10.6,11.7579,0.69,9.802,25.5,24.103,97.5067,10.5,20.3989,644.4,71.7042,6.826,47.5
E92000001,England,E08000028,Sandwell,County & UA (4/19-3/20),76.939,81.0704,8.6,8,435.7306,99.9,153,84.4427,62,15.3455,54.6982,70.9356,71,0.489,25.5,27.7689,21.9,2.0504,20.3383,10.0622,12,17.5806,0.72,10.5356,24.6,34.884,95.1115,30.4,15.0309,919.6,64.2058,4.3343,52.2
E92000001,England,E08000029,Solihull,County & UA (4/19-3/20),80.2686,84.1364,12.3,9.8,301.432,61.4,123.7,80.7336,57.3,12.5722,68.1335,62.7606,78,1.4013,15.9,30.7087,19.1713,1.5679,11.0123,9.4439,8.2,11.2763,1.03,3.7071,19.5,17.37,98.6158,8.6,21.0885,579.3,74.0394,5.1065,45.1
E92000001,England,E08000030,Walsall,County & UA (4/19-3/20),77.5149,82.0176,10.4,8.8,401.6123,96.8,150.5,86.7825,66.5,15.0345,55.9384,73.1607,70.8,0.1155,25.8,31.6485,20.5198,0.2697,9.6309,9.7523,11.8,15.349,0.73,7.8216,25.3,31.555,95.9973,16.6,17.5569,661.8,70.9102,5.3462,43.1
E92000001,England,E08000031,Wolverhampton,County & UA (4/19-3/20),77.1746,81.408,7.8,6.3,432.1813,108.5,156.8,73.6464,69,15.0993,58.0268,67.3395,66.8,2.1608,26.3,31.1045,21.5669,0.8465,5.1761,8.627,12.7,15.1563,0.69,13.558,28,32.102,95.5209,27.6,16.655,801,67.8819,4.4591,51.6
E92000001,England,E08000032,Bradford,County & UA (4/19-3/20),77.7912,81.6367,9.1,8,406.1445,105,145.6,85.0617,78.7,16.5115,62.4076,65.6253,66,0.4484,23.2,30.5127,20.2893,1.0055,1.3072,7.4903,12.4,10.3914,0.71,6.6887,30.7,34.666,97.5423,25.4,14.9875,548.7,72.7261,6.1348,48.6
E92000001,England,E08000033,Calderdale,County & UA (4/19-3/20),78.3167,82.1666,10.6,9.8,374.7858,91.9,142,72.6526,65.2,16.0869,68.3775,66.6482,75.7,0.0749,19.6,30.3006,22.6936,1.1668,5.3869,6.9534,10.2,9.773,0.88,2.8528,21.7,26.351,95.8552,8.6,18.8007,552.8,71.5735,3.6815,46.2
E92000001,England,E08000034,Kirklees,County & UA (4/19-3/20),78.5312,82.496,9.1,6.9,364.9452,83,141.2,77.1911,69.9,14.2768,63.4068,68.3788,72.4,0.1041,18,29.6823,20.1244,2.4048,1.0729,7.1714,10.6,8.8363,0.7,4.9881,24.3,25.151,94.6934,17.9,17.7579,460.6,73.5103,3.4908,46.8
E92000001,England,E08000035,Leeds,County & UA (4/19-3/20),78.2509,82.1448,11.5,9.4,380.6157,86.3,147.5,77.1691,74.3,15.2608,69.7456,61.9708,75.5,3.5973,20.3,29.8035,29.1012,3.0731,9.1958,7.9781,10.3,9.3997,0.97,4.6304,21.6,27.301,99.4657,12.7,15.5731,524.4,75.9694,9.902,51.6
E92000001,England,E08000036,Wakefield,County & UA (4/19-3/20),78.3211,81.9153,8.9,8.4,383.3443,87,144,83.6111,65.6,16.6788,65.522,65.3885,74.3,0.4228,19.2,28.7356,15.6594,2.0686,4.1571,7.2389,8.8,14.3039,0.79,3.7773,20.8,27.306,96.2919,4.1,19.0278,834.3,73.3273,6.6502,47.4
E92000001,England,E08000037,Gateshead,County & UA (4/19-3/20),77.4622,81.431,10.6,9.3,428.3464,90.1,165,80.0516,74.6,17.0934,59.2097,62.716,74.2,0.9653,20.9,26.959,25.1641,0.8015,0,6.3097,8.6,15.6043,0.81,6.251,21.6,28.217,96.0084,4.3,19.6501,886.5,74.2443,5.6108,52
E92000001,England,E09000001,City of London,County & UA (4/19-3/20), , , , , , , , , , , , , , , , ,,,100,12.5786,5.5,,125.12,2.6367,,14.72,75.4476,40.2,16.8913,255.8,,3.1847,61.1
E92000001,England,E09000002,Barking and Dagenham,County & UA (4/19-3/20),77.9839,82.6663,3.8,3.4,400.1055,93.8,148.5,85.9088,62.7,18.0653,46.6618,72.7133,69,2.1875,22.5,26.7788,33.3428,1.1281,50.1592,12.0184,12.3,20.3386,0.49,6.2059,26.8,32.768,93.4953,43.5,9.2905,723.9,64.9651,3.5153,47.1
E92000001,England,E09000003,Barnet,County & UA (4/19-3/20),82.4494,85.7896,6.7,6.3,236.3389,54.8,100.2,73.7277,73,11.1346,59.4292,55.2278,71.7,0.6347,14,34.7735,28.1803,2.2032,34.7424,11.2268,11.8,15.1838,0.71,3.1916,24.4,16.148,92.8834,29.2,14.4755,334.4,67.0353,1.8668,44.7
E92000001,England,E09000004,Bexley,County & UA (4/19-3/20),80.0551,84.0925,7.9,6.7,305.065,60.4,130.1,80.8164,68,14.1653,64.4385,65.8746,76.8,0.6555,16.3,22.3065,35.9114,1.6798,34.5923,11.0599,9,15.1601,0.58,2.3111,20,16.273,98.2239,18.6,16.5003,463.6,67.1901,3.0584,49.1
E92000001,England,E09000005,Brent,County & UA (4/19-3/20),80.82,85.1131,6.9,6.4,305.5419,79.9,115.9,77.4743,70.9,10.3323,56.3011,49.4748,72.8,0.9681,18,32.844,35.6721,6.0357,51.258,11.533,13.7,13.7836,0.71,5.9317,24.2,25.558,91.1682,59.4,12.4596,280.1,64.6502,2.9624,39.1
E92000001,England,E09000006,Bromley,County & UA (4/19-3/20),81.3494,85.0025,8.1,6.1,262.1082,54.5,117.5,66.1316,70.4,9.4243,69.4677,65.7251,78.2,0.8672,13.2,35.7449,32.8682,2.0079,13.041,10.3434,8.6,18.2809,0.65,2.2341,18,14.163,99.2628,16.3,17.5055,415.3,71.485,2.0412,42.2
E92000001,England,E09000007,Camden,County & UA (4/19-3/20),82.6613,87.0419,12.6,10.6,280.6166,62.7,109.8,56.2735,87.2,12.0478,70.1399,41.6591,70.7,0.1253,27.3,20.5442,43.832,7.9166,92.74,11.92,11.9,10.978,2.22,3.6513,25.9,20.131,76.4245,37.8,12.022,336.9,70.636,3.643,36.3
E92000001,England,E09000008,Croydon,County & UA (4/19-3/20),80.2797,83.9554,8.2,6.3,308.2077,66.4,120.3,66.4358,70.8,12.4302,62.065,62.9093,74.4,1.2149,16.1,29.4269,34.5823,2.3014,29.7742,10.9065,11.2,18.3585,0.62,2.2433,22.4,22.477,97.2696,41.4,13.7563,383.5,64.9175,6.1667,39.3
E92000001,England,E09000009,Ealing,County & UA (4/19-3/20),80.7567,84.8294,5.8,3.6,312.0197,75.5,118,79.0356,75.5,9.9527,60.4328,57.622,72.5,2.8019,16.9,22.3608,37.2488,2.9438,51.8927,11.4593,12.6,14.6923,0.74,5.8023,22.8,22.71,94.0308,48.5,13.1203,370.4,64.6608,3.0576,35.8
E92000001,England,E09000010,Enfield,County & UA (4/19-3/20),80.6427,84.7761,8.8,5.7,291.5274,72.1,123.1,81.6672,88.4,15.8022,67.3566,66.8073,69.2,0.6824,22.2,31.04,31.7157,2.3594,42.6627,11.4708,12.7,15.559,0.59,5.2989,27.8,25.781,96.8727,33.2,13.3507,546.7,65.4578,5.2946,42
E92000001,England,E09000011,Greenwich,County & UA (4/19-3/20),79.5119,82.9628,5.8,3.6,350.448,77.7,141.7,78.5849,65.1,12.7591,62.9311,60.8511,73.6,0.9082,21.8,32.6111,32.2326,1.5044,40.3601,11.5016,11.1,8.2995,0.53,4.8692,21.8,24.464,93.9221,35.3,10.5434,564.1,66.1963,5.4843,37
E92000001,England,E09000012,Hackney,County & UA (4/19-3/20),79.5667,83.6708,6.3,4.5,370.8627,93.7,139.4,61.1992,71.2,14.4443,67.7105,51.6542,71.8,0.8896,24.7,25.1553,38.4215,13.5001,94.4913,12.2296,12.2,14.621,0.7,8.222,23.7,32.526,91.7318,43,7.7163,459.6,64.4193,5.0033,40.3
E92000001,England,E09000013,Hammersmith and Fulham,County & UA (4/19-3/20),79.7325,84.5568,6.6,4.4,336.7805,68.2,124.4,56.4303,63.2,10.3335,74.2364,48.8553,77.9,0.4915,20.6,26.9841,35.4567,11.0783,94.3267,11.97,11.3,10.462,1.19,4.1254,17.1,22.27,91.1701,31.2,11.0018,387.9,58.3237,1.55,36.7
E92000001,England,E09000014,Haringey,County & UA (4/19-3/20),80.7799,84.9662,8,3.2,303.3747,80.7,118.7,64.5073,67.4,14.8978,68.6986,48.6556,72.9,0.6412,21.3,19.7917,39.8826,4.7933,72.6956,11.8506,14.4,20.6731,0.48,6.6635,22.8,27.956,95.9526,30.7,10.42,475.7,62.554,14.8732,37.1
E92000001,England,E09000015,Harrow,County & UA (4/19-3/20),83.2523,85.9879,7.8,5.4,231.4258,53,94.8,89.1369,63.5,10.3632,64.5335,54.7815,77,0.5389,12.9,20,30.1029,1.4434,12.058,10.7963,11.7,3.4228,0.62,2.2448,19.8,15.031,93.7707,52.1,15.9213,451.5,70.5299,2.1498,38.9
E92000001,England,E09000016,Havering,County & UA (4/19-3/20),79.7123,84.0045,7,6.8,319.0609,70.8,136.3,76.5191,60.9,13.1834,63.7206,63.0648,76.1,1.6989,16.5,26.7512,33.2164,0.3292,23.7925,10.8672,9,13.539,0.64,4.1089,19,16.789,98.415,10.9,17.996,600.8,69.9971,3.1328,45.6
E92000001,England,E09000017,Hillingdon,County & UA (4/19-3/20),80.4337,84.0276,7.2,5.5,310.7223,72.4,122.4,82.6173,65.5,11.7999,61.5511,59.7618,73.9,0.422,16,39.478,27.1927,1.6283,18.6477,10.841,10.1,7.9856,1.09,2.6553,23.1,18.223,95.7326,40.2,13.4894,627.6,68.239,6.9102,45.2
E92000001,England,E09000018,Hounslow,County & UA (4/19-3/20),80.0335,83.7659,5.1,5.7,318.6552,79.9,114.9,84.0647,67.4,14.2493,63.3282,57.5342,74.8,0.1296,13.8,9.2907,32.5204,5.4169,34.8789,11.3254,11.6,9.4857,1.04,1.0196,19.9,21.487,95.6572,56.3,12.3124,325.1,65.8589,3.369,37.6
E92000001,England,E09000019,Islington,County & UA (4/19-3/20),79.6358,83.272,9.2,4.8,365.3171,82.6,146.2,63.7317,84.6,12.3545,75.309,55.7844,76.7,0.9815,30.6,31.5417,40.1172,11.7591,100,12.2764,11,13.7115,1.4,5.7846,20.7,27.535,93.0343,33.4,8.8606,352.3,64.8533,5.5327,44.2
E92000001,England,E09000020,Kensington and Chelsea,County & UA (4/19-3/20),83.3475,86.8161,14.5,10.1,245.653,43.5,102.6,54.3051,68.7,14.9359,69.9962,49.4147,61.7,1.2468,20.5,13.8277,41.4945,5.2616,100,12.2872,12.4,6.4932,1.56,3.0612,34.4,21.526,74.5068,33.2,16.0438,212.4,58.4088,5.7876,36.1
E92000001,England,E09000021,Kingston upon Thames,County & UA (4/19-3/20),81.4891,84.9319,7.4,5.7,257.1512,58.1,109.1,75.7097,67,9.2199,70.9975,57.3717,73.3,0.2386,11.7,30.0448,38.0715,6.0734,32.8271,10.841,10.4,7.1836,0.86,2.3485,22.2,11.381,94.2733,24.9,13.9403,372.1,66.9263,2.7366,50.6
E92000001,England,E09000022,Lambeth,County & UA (4/19-3/20),79.1952,83.7495,5.4,4.7,375.1141,92.9,140.8,58.8173,80.3,13.363,73.0369,50.1655,78,0.687,23.4,31.3013,41.5536,8.366,79.8934,11.9831,11.2,13.6557,0.78,6.614,16.8,25.422,96.471,32.2,8.4347,520.1,62.7022,10.0293,40.5
E92000001,England,E09000023,Lewisham,County & UA (4/19-3/20),79.2255,83.8481,8.4,4.7,356.8071,86,134,64.6777,74.9,14.5324,73.0887,59.1443,76.9,0.5993,22.6,29.4979,39.4516,4.9979,66.0954,11.5995,12.1,13.388,0.41,6.1008,18.7,26.661,96.3449,32.8,9.4781,572.3,63.2127,4.5162,39.2
E92000001,England,E09000024,Merton,County & UA (4/19-3/20),81.0306,84.3393,6.8,5.1,280.6025,67.3,113,75.099,68.9,13.5473,66.7954,55.0968,81.7,0.553,13.1,37.9221,35.5729,2.4187,21.5912,11.3891,11.2,0.7192,0.76,3.5454,15.1,14.649,98.3348,32.2,12.814,323,63.1743,2.3439,40.8
E92000001,England,E09000025,Newham,County & UA (4/19-3/20),80.2209,83.2945,6.6,5.5,351.3756,95,126.1,80.8857,67.5,13.8136,56.2413,57.4,69.8,1.6712,20.1,32.2929,33.6792,2.7282,91.5407,12.508,16.1,15.1,0.51,4.9033,26.4,29.577,86.8504,64,7.7104,396.5,66.2845,5.2489,39.5
E92000001,England,E09000026,Redbridge,County & UA (4/19-3/20),81.4509,84.786,7.3,5.3,278.4792,65.3,106.7,79.1686,70.2,13.3662,58.8666,59.6856,68.7,1.4762,14.7,24.8134,27.7943,1.1954,53.2064,11.8818,12.7,17.4429,0.5,2.7503,26.6,17.203,93.9193,56.9,12.7291,239.3,67.9558,3.3477,53.5
E92000001,England,E09000027,Richmond upon Thames,County & UA (4/19-3/20),82.5184,86.4422,6.5,2.6,239.8655,48.2,107.3,55.5356,70.1,7.9997,76.1264,53.5937,77.2,,8.5,15.6533,43.3549,9.8608,13.9948,10.9588,9.9,3.7091,0.86,2.7805,19.8,9.425,96.1332,14.3,15.853,325.2,67.5782,2.8629,47.9
E92000001,England,E09000028,Southwark,County & UA (4/19-3/20),79.2949,84.6307,7.4,5.6,354.0785,76.8,135.7,66.2072,75,15.5585,69.6383,51.4878,77.7,2.6697,23.2,10.158,35.2817,16.5217,87.4243,11.9708,9.9,13.1434,1.37,2.9732,17.8,25.811,92.3882,42.4,8.5092,769.9,66.257,9.94,33.9
E92000001,England,E09000029,Sutton,County & UA (4/19-3/20),80.5713,83.8839,5.5,4.5,291.0628,56.8,120.3,83.1752,75.6,15.8264,71.2928,62.9454,79,1.0849,9.8,36.2162,27.5112,0.6162,8.4751,10.7115,8.4,21.6034,0.65,1.1261,17.2,13.987,97.2744,25.1,15.3245,375.6,70.9176,3.4152,44.3
E92000001,England,E09000030,Tower Hamlets,County & UA (4/19-3/20),79.3352,83.2116,11.4,4.8,361.1412,94.3,123.7,80.5314,80.2,15.0987,70.0225,56.9332,73,0.1166,30.3,21.2735,42.3813,7.1602,96.4411,12.1461,9.5,22.0626,1.4,4.9327,22.5,27.913,82.1334,53.4,6.4232,396.4,70.3756,6.8032,42.1
E92000001,England,E09000031,Waltham Forest,County & UA (4/19-3/20),80.5719,84.519,5.8,4.9,318.0893,85.5,120.4,65.8135,68.5,16.1506,69.7336,52.8679,78.7,2.3517,19.4,22.4057,37.3219,3.8966,80.1201,12.2608,14.2,17.756,0.47,5.7208,19.5,25.209,92.4828,39.3,10.8238,565.7,64.7634,3.0865,41.8
E92000001,England,E09000032,Wandsworth,County & UA (4/19-3/20),80.4998,84.0087,5.7,4.4,315.3477,75.7,125.6,60.8639,79.6,13.4655,79.6189,52.5323,80.3,0.4256,17.2,31.5508,45.2689,7.9212,63.06,11.5958,10.1,13.8468,0.64,3.5689,15.4,16.611,95.4716,24.8,9.593,393.5,65.6538,8.8253,42.6
E92000001,England,E09000033,Westminster,County & UA (4/19-3/20),83.9024,86.5449,13.5,7.4,240.5297,54.8,96.7,57.7835,74.5,10.4713,70.4216,48.6336,68.9,0.7152,27.3,18.9341,47.4985,5.0269,99.1756,12.3216,11.7,6.843,4.36,3.8403,28.2,20.339,72.6884,40.4,12.486,312.6,61.8123,1.9783,39.6
E92000001,England,E10000002,Buckinghamshire,County & UA (4/19-3/20),81.7484,85.0745,6.8,6.3,255.374,50.7,114.4,,64,11.3406,70.971,61.0824,80,0.3264,9.5,30.3164,18.5687,2.2327,19.7646,10.02,7,0.3921,0.87,1.8695,17.5,10.052,97.0437,12.8,,323.6,72.5381,7.1605,45.9
E92000001,England,E10000003,Cambridgeshire,County & UA (4/19-3/20),81.1591,84.2881,7.5,7,278.8785,57.8,117,76.2846,60,13.1963,68.0051,62.1241,80.9,0.5726,11.6,32.3169,19.6544,11.9582,23.1223,9.4492,9.5,7.3982,0.94,1.1366,16.6,13.858,96.5104,5.5,19.1688,330.7,73.6026,3.2697,51.4
E92000001,England,E10000006,Cumbria,County & UA (4/19-3/20),79.4473,82.9002,9.5,7.9,334.0259,74.8,129.3,78.0228,65.9,15.2748,67.534,61.6918,79.4,0.4443,12.2,27.9817,16.7868,1.7179,17.8291,5.4197,13.3,8.1882,0.91,2.8286,18.6,21.261,96.3353,1.1,24.4714,632.4,76.115,3.764,53.6
E92000001,England,E10000007,Derbyshire,County & UA (4/19-3/20),79.4979,82.9525,7.8,7.1,320.3985,65.9,131.7,83.1205,69.8,12.6021,69.5055,66.1768,78,0.5332,15.3,30.754,16.4563,1.1639,7.5868,7.9,10.6,14.8894,0.7,2.3947,19.2,18.392,96.8354,3.1,21.7961,696.6,76.2982,3.5365,47.6
E92000001,England,E10000008,Devon,County & UA (4/19-3/20),80.6169,84.1294,6,4.2,284.2305,59.2,119.3,71.026,59.7,13.4952,74.8448,60.6972,80.2,0.4391,12.5,33.4676,22.0248,2.8274,26.502,6.643,10.7,7.5355,0.91,1.4389,17.6,16.607,97.7875,3,25.4496,558.2,73.017,5.5747,44.7
E92000001,England,E10000011,East Sussex,County & UA (4/19-3/20),80.2086,83.9503,8.5,5,307.3585,59.2,124.8,69.4127,66.2,12.6439,67.7721,62.4895,73.6,0.8106,16.7,33.4318,19.5702,2.5612,16.0111,9.2483,9.3,11.4064,0.75,2.3922,24,19.77,95.2508,3.2,25.9484,502.9,73.2888,5.0085,49.2
E92000001,England,E10000012,Essex,County & UA (4/19-3/20),80.2468,83.307,8.1,6.3,308.3937,62.3,130.3,76.6034,64.9,13.1873,67.0525,62.5615,78.6,0.6716,14.4,32.752,21.4694,2.4648,20.7057,9.8132,8.8,9.5746,0.79,2.546,18.9,17.016,97.9163,6.7,20.6533,384.8,69.7445,3.7284,48.4
E92000001,England,E10000013,Gloucestershire,County & UA (4/19-3/20),80.2408,83.7425,8.4,5.4,295.7937,59.7,119.9,77.9074,68.1,12.9601,72.6208,60.6589,81.6,0.4439,12.6,29.9309,18.2615,2.9163,16.3984,8.3414,8.8,9.2279,0.88,1.6624,16.8,14.932,97.5899,4.2,21.5848,311.2,75.4847,5.7668,49.9
E92000001,England,E10000014,Hampshire,County & UA (4/19-3/20),81.1657,84.4349,7,5,272.3791,55.1,119.7,76.2699,65,9.9884,69.432,62.1059,80.5,0.1478,10.3,28.9793,19.8711,3.1829,21.1287,9.3531,6.8,8.5411,0.84,1.2999,17.1,12.693,97.0848,4.4,21.738,542.6,76.8848,3.8649,49.3
E92000001,England,E10000015,Hertfordshire,County & UA (4/19-3/20),80.9718,84.213,7.6,5.4,279.7503,58.5,118.7,73.104,66.7,10.9655,69.0771,60.1357,78.3,0.2759,11.5,25.7161,22.8404,2.2639,10.5519,10.1862,7.6,13.5139,0.98,2.1655,18.9,12.732,97.4449,10.7,17.1689,550.1,74.1435,3.3605,47.3
E92000001,England,E10000016,Kent,County & UA (4/19-3/20),79.8689,83.4259,7.5,5.4,317.441,64.7,131.6,76.5482,60.8,13.6852,69.0039,64.1748,76.5,1.5479,16.5,30.0447,22.8938,2.8095,15.6966,9.9035,8.9,10.6002,0.79,3.6994,20.4,19.538,96.4892,5.1,20.1951,477.3,70.7214,6.3636,52.3
E92000001,England,E10000017,Lancashire,County & UA (4/19-3/20),78.5353,82.1939,10.1,8.1,368.0196,81.4,138.3,78.1825,71.3,13.8491,66.1951,65.0493,75.7,0.3986,15.1,35.0051,17.4477,1.9002,5.8557,6.6416,12,12.366,0.79,2.8676,20.7,23.443,97.2515,7.6,20.7433,711.9,72.6272,10.0324,44
E92000001,England,E10000018,Leicestershire,County & UA (4/19-3/20),80.7135,84.172,6.3,5,283.8606,61.1,120.7,79.3668,68.9,11.9822,68.2814,64.4609,79.8,0.441,10.9,27.9028,16.47,2.7186,12.8449,9.2667,9.4,9.7111,0.81,1.0515,15.7,12.33,98.4047,7.8,20.5184,575.6,74.0929,5.8444,42.6
E92000001,England,E10000019,Lincolnshire,County & UA (4/19-3/20),79.21,82.8791,8.2,5.7,339.5976,78.2,132.5,84.1733,65.8,15.3177,64.7693,66.4645,76.1,0.1853,16.3,33.3462,17.2391,3.003,33.5965,8.3388,11.8,10.466,0.8,3.6176,20.6,20.29,96.4486,2.9,23.6205,604,72.7323,5.4695,45
E92000001,England,E10000020,Norfolk,County & UA (4/19-3/20),79.8957,83.9814,7.1,4.7,308.7573,64.6,125.9,75.4725,63.4,14.5343,67.894,62.6599,76.9,0.9287,15.1,35.1679,18.684,3.5844,35.2198,8.7282,11.5,11.5595,0.82,1.9916,20,21.183,96.0367,4,24.5292,561.4,72.268,4.7593,45.7
E92000001,England,E10000021,Northamptonshire,County & UA (4/19-3/20),79.6473,82.7073,8.7,6.2,333.9895,71.4,134.8,80.1268,69.7,16.3654,65.5024,63.9067,79.1,0.2591,13.6,27.5049,15.8982,1.9648,14.6887,9.3141,9.4,8.8636,0.89,2.8975,18,18.605,97.4863,8.3,18.145,531,71.7099,4.649,43.9
E92000001,England,E10000023,North Yorkshire,County & UA (4/19-3/20),80.6699,84.1642,6.4,4.8,287.7665,61,120.6,71.4182,63,11.9447,70.7379,62.8566,78.9,0.2263,9.8,32.111,17.0196,2.3803,30.5183,6.6721,9.9,6.7987,0.94,1.2702,19.1,14.762,96.3617,1.7,24.6996,776.7,74.5885,5.2835,49.5
E92000001,England,E10000024,Nottinghamshire,County & UA (4/19-3/20),79.6069,82.6953,9.3,7.5,329.1317,70.6,134.2,80.8648,73.9,14.381,66.4518,66.6959,73.7,0.128,15.6,32.6237,18.78,2.2644,15.4194,8.8293,10.2,11.4301,0.71,3.6402,21.4,18.999,97.8206,4,20.9256,575.1,76.2054,5.7278,39.7
E92000001,England,E10000025,Oxfordshire,County & UA (4/19-3/20),81.6302,84.7326,6.2,4,262.1627,51.4,113.4,67.1852,65.9,11.998,73.5791,55.2286,82.5,0.5064,10.3,30.3797,26.4818,8.6257,20.1416,9.5612,8,5.5441,1.01,1.0064,15.9,11.656,96.0479,9.5,18.5242,475.2,76.3344,4.4215,45.3
E92000001,England,E10000027,Somerset,County & UA (4/19-3/20),80.3784,84.1462,5.5,4,291.407,56.2,123.1,73.2619,58.2,14.3918,71.2702,65.8124,79.2,0.2283,12.9,28.0352,17.4419,2.5661,27.4541,7.583,9.7,10.5624,0.87,0.8378,18.2,18.553,97.3762,2,24.8856,502,73.4742,8.7597,48
E92000001,England,E10000028,Staffordshire,County & UA (4/19-3/20),79.7034,83.0975,8.5,7,323.064,69,131.2,83.9295,66.7,13.8766,67.365,64.2155,79.8,0.2563,13.2,39.8562,15.0198,1.2405,11.2303,7.9772,10.1,10.5955,0.77,1.8611,17.6,16.567,97.3966,2.5,21.8722,538.4,71.707,2.0626,47.1
E92000001,England,E10000029,Suffolk,County & UA (4/19-3/20),80.7141,84.171,6.9,4.8,284.8523,60.2,121.3,71.5502,63.4,16.0836,66.9782,66.3454,79,0.1076,13.8,31.7234,18.1976,3.2247,30.9121,9.3649,10.7,10.2988,0.85,2.2678,18.2,18.46,96.0906,4.8,23.5625,767.9,74.0021,6.4293,47.2
E92000001,England,E10000030,Surrey,County & UA (4/19-3/20),81.7713,85.0935,5.8,4.7,253.2644,48.7,110.8,70.1671,65.6,10.0496,72.7039,57.6273,80.7,0.1139,9.1,29.0628,22.9437,3,7.824,10.0375,6.3,5.2303,0.9,0.9041,17.2,10.087,96.6818,8.9,19.0511,516.6,70.7732,4.0347,48.9
E92000001,England,E10000031,Warwickshire,County & UA (4/19-3/20),79.8957,83.6566,9,5,313.3552,69.9,124.8,74.0125,59.1,13.2872,67.1213,63.7207,80.2,1.1618,11.9,28.5592,17.0617,2.1282,10.8805,8.8252,9.5,9.6194,1.02,1.5401,17.9,15.64,98.1868,9.5,20.8109,624.1,74.4408,3.7338,44.6
E92000001,England,E10000032,West Sussex,County & UA (4/19-3/20),80.7807,84.1732,7.2,6,280.6693,58.1,120.5,78.2972,65.6,10.0406,73.117,62.0479,80.1,0.6779,11.3,35.3557,22.9194,3.1396,14.3809,9.4674,7.6,14.3044,0.9,1.7514,17.3,14.429,97.3543,4.5,23.0078,582,74.1676,9.1322,46
E92000001,England,E10000034,Worcestershire,County & UA (4/19-3/20),80.0093,83.9198,8.1,5.4,303.1398,63,126,80.1322,55.8,10.813,69.2882,65.1414,78.7,0.8819,14.4,27.0382,15.5731,1.5015,12.2454,7.8554,9.9,15.2207,0.88,2.5891,18.1,18.089,97.7686,3.9,22.8112,637.9,74.7727,4.8921,42
